-- =============================================
-- Fortune Telling Application - Database Schema
-- Version: 1.3
-- Description: Insert initial data for seers (Part 1/2)
-- =============================================

-- =============================================
-- SEER 1: Thầy Bùi Văn Anh (user_id: ...0021)
-- =============================================

-- 1.1. USER
INSERT INTO "user" (user_id, role, email, phone, gender, password_hash, full_name, avatar_url, cover_url, profile_description, birth_date, status, fcm_token, is_active, created_at, updated_at) VALUES
    ('550e8400-e29b-41d4-a716-446655440071', '1', 'thayboivananh@gmail.com', '+84967654321', 'Nam', '$2a$10$su2P6OQUjL6n5uW/QHpUtuNSnW64AEd48Iw5eTqAieJbSsDP3oFKu', 'Thầy Bùi Văn Anh', 'https://res.cloudinary.com/dzpv3mfjt/image/upload/v1762322268/dcbd7184-dc42-4cc0-90d8-36702530e092.png', 'https://res.cloudinary.com/dzpv3mfjt/image/upload/v1762282708/d6016807-b186-4f9b-9fb8-52ccbbb32e1d.png', 'Thầy bói với hơn 15 năm kinh nghiệm trong lĩnh vực xem bói Tarot, cung hoàng đạo và nhân tướng học. Đã tư vấn cho hơn 5000 khách hàng về tình duyên, sự nghiệp và gia đạo.', '1980-08-15 14:30:00.000', '0', NULL, true, '2025-03-10 08:20:00.000', '2025-11-02 16:45:00.000');

-- 1.2. SEER PROFILE
-- Ghi chú: avg_rating và total_rates sẽ sử dụng giá trị DEFAULT (0)
INSERT INTO seer_profile (seer_id, created_at, updated_at, payment_info, paypal_email, total_rates, avg_rating, performance_tier) VALUES ('550e8400-e29b-41d4-a716-446655440071', '2025-03-10 08:20:00.000', '2025-11-02 16:45:00.000', NULL, 'isu@seer.example.com', 215, 4.92, 3);

-- 1.6. SERVICE PACKAGES
INSERT INTO service_package (package_id, package_title, package_content, image_url, duration_minutes, price, commission_rate, service_fee_amount, status, rejection_reason, like_count, dislike_count, comment_count, deleted_at, seer_id, created_at, updated_at) VALUES
                                                                                                                                                                                                                                                                       ('880e8400-e29b-41d4-a716-446655440001', 'Xem Bài Tarot Tổng Quan - Tìm Hướng Đi Cho Cuộc Sống', 'Phiên xem bài Tarot tổng quan giúp bạn:\n\n✨ Hiểu rõ tình hình hiện tại của bản thân\n✨ Nhận diện những cơ hội và thách thức sắp tới\n✨ Tìm ra hướng đi phù hợp cho các quyết định quan trọng\n✨ Giải đáp thắc mắc về tình duyên, sự nghiệp, gia đạo\n\nPhiên tư vấn bao gồm:\n- Trải bài Tarot chuyên sâu với 10 lá bài\n- Giải nghĩa chi tiết từng lá bài và tổng quan cả spread\n- Tư vấn cá nhân hóa dựa trên năng lượng hiện tại\n- Hướng dẫn cách ứng dụng lời khuyên vào thực tế\n\nThời gian: 45 phút | Tư vấn qua video call hoặc trực tiếp', 'https://res.cloudinary.com/dzpv3mfjt/image/upload/v1762279025/5ae4fab0-5b8f-4ca9-bc38-474107f8b2bd.png', 45, 299000.0, 0.10, 29900.0, '0', NULL, 127, 3, 45, NULL, '550e8400-e29b-41d4-a716-446655440071', '2025-03-15 10:30:00.000', '2025-11-01 14:20:00.000'),
                                                                                                                                                                                                                                                                       ('880e8400-e29b-41d4-a716-446655440002', 'Phân Tích Cung Hoàng Đạo & Bản Đồ Sao - Khám Phá Bản Thân', 'Phân tích chuyên sâu về cung hoàng đạo và bản đồ sao cá nhân:\n\n🌟 Phân tích cung Mặt Trời, Mặt Trăng, Sao Kim\n🌟 Giải mã tính cách, điểm mạnh và điểm yếu\n🌟 Dự đoán xu hướng vận mệnh trong năm\n🌟 Tư vấn tình duyên và hợp tuổi\n🌟 Định hướng sự nghiệp phù hợp với bản mệnh\n\nBạn sẽ nhận được:\n- Bản đồ sao sinh chi tiết (Birth Chart)\n- Phân tích 12 nhà chiêm tinh\n- Báo cáo PDF 15-20 trang\n- Buổi tư vấn trực tiếp để giải đáp thắc mắc\n\nYêu cầu: Cung cấp ngày, giờ và địa điểm sinh chính xác\nThời gian: 60 phút', 'https://res.cloudinary.com/dzpv3mfjt/image/upload/v1762279025/5ae4fab0-5b8f-4ca9-bc38-474107f8b2bd.png', 60, 499000.0, 0.10, 49900.0, '0', NULL, 98, 1, 32, NULL, '550e8400-e29b-41d4-a716-446655440071', '2025-04-20 15:45:00.000', '2025-10-28 11:30:00.000'),
                                                                                                                                                                                                                                                                       ('880e8400-e29b-41d4-a716-446655440003', 'Xem Tướng Toàn Diện - Giải Mã Vận Mệnh Qua Khuôn Mặt', 'Phân tích nhân tướng học toàn diện giúp bạn hiểu về:\n\n👤 Tính cách và phẩm chất bản thân qua đặc điểm khuôn mặt\n👤 Vận mệnh và xu hướng phát triển trong cuộc đời\n👤 Tình duyên, hôn nhân và mối quan hệ\n👤 Sự nghiệp và khả năng tài chính\n👤 Sức khỏe và tuổi thọ\n\nDịch vụ bao gồm:\n- Phân tích khuôn mặt 5 quan (mắt, mũi, miệng, tai, lông mày)\n- Xem tướng 12 cung vị\n- Đọc vận mệnh qua đường nét khuôn mặt\n- Tư vấn phong thủy cá nhân và màu sắc hợp mệnh\n- Ghi âm buổi tư vấn để bạn xem lại\n\nYêu cầu: Gửi trước ảnh chân dung rõ nét (chụp từ nhiều góc độ)\nThời gian: 45 phút', 'https://res.cloudinary.com/dzpv3mfjt/image/upload/v1762279286/35bebd17-0147-45ac-a9d1-dc4f4e050546.png', 45, 399000.0, 0.10, 39900.0, '0', NULL, 156, 2, 67, NULL, '550e8400-e29b-41d4-a716-446655440071', '2025-05-10 09:15:00.000', '2025-11-03 16:25:00.000'),
                                                                                                                                                                                                                                                                       ('880e8400-e29b-41d4-a716-446655440004', 'Combo Toàn Diện: Tarot + Cung Hoàng Đạo + Nhân Tướng', 'Gói combo đặc biệt kết hợp 3 phương pháp xem bói để có cái nhìn toàn diện nhất:\n\n🎴 TAROT: Trải bài về tình hình hiện tại và tương lai gần\n⭐ CUNG HOÀNG ĐẠO: Phân tích bản đồ sao và vận mệnh\n👁️ NHÂN TƯỚNG HỌC: Đọc vận mệnh qua khuôn mặt\n\nƯu điểm của gói combo:\n✅ Tiết kiệm 200.000đ so với mua riêng lẻ\n✅ Nhìn nhận vấn đề từ nhiều góc độ khác nhau\n✅ Lời khuyên chính xác và toàn diện hơn\n✅ Tặng kèm báo cáo tổng hợp PDF chi tiết\n✅ Hỗ trợ tư vấn sau 7 ngày qua chat\n\nPhù hợp cho:\n- Những quyết định quan trọng trong đời (chuyển việc, kết hôn, đầu tư)\n- Muốn hiểu sâu về bản thân và định hướng tương lai\n- Cần giải đáp nhiều vấn đề cùng lúc\n\nThời gian: 90 phút | Có thể chia làm 2 buổi', 'https://res.cloudinary.com/dzpv3mfjt/image/upload/v1762279025/5ae4fab0-5b8f-4ca9-bc38-474107f8b2bd.png', 90, 899000.0, 0.10, 89900.0, '0', NULL, 213, 4, 89, NULL, '550e8400-e29b-41d4-a716-446655440071', '2025-06-01 11:20:00.000', '2025-11-04 09:40:00.000'),
                                                                                                                                                                                                                                                                       ('880e8400-e29b-41d4-a716-446655440005', 'Xem Bài Tarot Tình Duyên - Tìm Hiểu Mối Quan Hệ', 'Phiên xem bài Tarot chuyên sâu về tình duyên và các mối quan hệ:\n\n💕 Phân tích tình trạng mối quan hệ hiện tại\n💕 Nhận biết cảm xúc thật sự của đối phương\n💕 Dự đoán xu hướng phát triển của tình cảm\n💕 Tư vấn cách cải thiện và vượt qua khó khăn\n\nNội dung buổi tư vấn:\n- Trải bài Love Spread với 7 lá bài\n- Phân tích năng lượng tình cảm của cả hai phía\n- Xem xét các yếu tố ảnh hưởng đến mối quan hệ\n- Lời khuyên cụ thể để cải thiện tình cảm\n- Hướng dẫn thời điểm tốt cho các quyết định quan trọng\n\nThời gian: 40 phút | Tư vấn qua video call hoặc trực tiếp', 'https://res.cloudinary.com/dzpv3mfjt/image/upload/v1762279025/5ae4fab0-5b8f-4ca9-bc38-474107f8b2bd.png', 40, 279000.0, 0.10, 27900.0, '0', NULL, 145, 2, 58, NULL, '550e8400-e29b-41d4-a716-446655440071', '2025-02-14 10:30:00.000', '2025-10-20 14:15:00.000'),
                                                                                                                                                                                                                                                                       ('880e8400-e29b-41d4-a716-446655440006', 'Xem Bài Tarot Sự Nghiệp - Định Hướng Tương Lai', 'Phiên xem bài Tarot chuyên về sự nghiệp và công việc:\n\n🎯 Đánh giá hiện trạng công việc hiện tại\n🎯 Nhận diện cơ hội thăng tiến và phát triển\n🎯 Xem xét khả năng chuyển việc hoặc khởi nghiệp\n🎯 Tư vấn thời điểm tốt cho các quyết định quan trọng\n🎯 Phân tích mối quan hệ với đồng nghiệp và cấp trên\n\nBạn sẽ nhận được:\n- Trải bài Career Path Spread\n- Phân tích điểm mạnh và cơ hội nghề nghiệp\n- Cảnh báo về rủi ro và thách thức sắp tới\n- Lời khuyên cụ thể về hướng đi sự nghiệp\n\nThời gian: 45 phút', 'https://res.cloudinary.com/dzpv3mfjt/image/upload/v1762279025/5ae4fab0-5b8f-4ca9-bc38-474107f8b2bd.png', 45, 329000.0, 0.10, 32900.0, '0', NULL, 112, 1, 39, NULL, '550e8400-e29b-41d4-a716-446655440071', '2025-03-22 09:15:00.000', '2025-09-18 16:40:00.000'),
                                                                                                                                                                                                                                                                       ('880e8400-e29b-41d4-a716-446655440007', 'Xem Chỉ Tay - Đọc Vận Mệnh Qua Lòng Bàn Tay', 'Phân tích chỉ tay (xem bói chỉ tay) để hiểu về cuộc đời:\n\n✋ Đọc đường sinh mệnh, đường sự nghiệp, đường tình duyên\n✋ Phân tích vân tay và ý nghĩa\n✋ Xem xét sức khỏe và tuổi thọ\n✋ Đánh giá tính cách qua hình dạng bàn tay\n✋ Dự đoán những sự kiện quan trọng trong cuộc đời\n\nDịch vụ bao gồm:\n- Đọc 5 đường chính trên lòng bàn tay\n- Phân tích hình dạng ngón tay và ý nghĩa\n- Xem vân tay và tính cách\n- Tư vấn về những năm quan trọng trong đời\n- File ảnh chú thích chi tiết về lòng bàn tay\n\nYêu cầu: Gửi ảnh lòng bàn tay rõ nét (cả hai tay)\nThời gian: 35 phút', 'https://res.cloudinary.com/dzpv3mfjt/image/upload/v1762279286/35bebd17-0147-45ac-a9d1-dc4f4e050546.png', 35, 249000.0, 0.10, 24900.0, '0', NULL, 89, 3, 27, NULL, '550e8400-e29b-41d4-a716-446655440071', '2025-04-10 14:20:00.000', '2025-08-15 11:25:00.000'),
                                                                                                                                                                                                                                                                       ('880e8400-e29b-41d4-a716-446655440008', 'Tư Vấn Phong Thủy Cá Nhân - Hợp Mệnh Hợp Tuổi', 'Tư vấn phong thủy và ngũ hành phù hợp với bản mệnh:\n\n🏠 Tư vấn hướng nhà, hướng bàn làm việc hợp phong thủy\n🏠 Chọn màu sắc, vật phẩm phù hợp với mệnh\n🏠 Xem ngày tốt cho các sự kiện quan trọng\n🏠 Phân tích ngũ hành và cách cân bằng\n🏠 Tư vấn cây phong thủy và vật phẩm may mắn\n\nNội dung tư vấn:\n- Xác định mệnh ngũ hành của bạn\n- Phân tích mệnh và cách hóa giải\n- Tư vấn màu sắc, hướng nhà phù hợp\n- Chọn ngày tốt cho khai trương, cưới hỏi, chuyển nhà\n- Hướng dẫn bố trí không gian sống hợp phong thủy\n\nYêu cầu: Thông tin ngày giờ sinh, địa chỉ nhà/văn phòng\nThời gian: 50 phút', 'https://res.cloudinary.com/dzpv3mfjt/image/upload/v1762279286/35bebd17-0147-45ac-a9d1-dc4f4e050546.png', 50, 449000.0, 0.10, 44900.0, '0', NULL, 167, 2, 71, NULL, '550e8400-e29b-41d4-a716-446655440071', '2025-05-08 11:45:00.000', '2025-10-12 15:30:00.000'),
                                                                                                                                                                                                                                                                       ('880e8400-e29b-41d4-a716-446655440009', 'Xem Tướng Mắt - Cửa Sổ Tâm Hồn', 'Phân tích nhân tướng học qua đôi mắt - cửa sổ tâm hồn:\n\n👁️ Đọc tính cách qua hình dạng đôi mắt\n👁️ Phân tích vận mệnh tình duyên qua mi mắt\n👁️ Xem tài lộc và sự nghiệp qua ánh nhìn\n👁️ Đánh giá sức khỏe qua màu sắc mắt\n👁️ Nhận biết tính cách và con người thật\n\nDịch vụ bao gồm:\n- Phân tích chi tiết hình dạng mắt\n- Đọc vận mệnh qua đôi mắt\n- Tư vấn cách cải thiện vận khí qua makeup mắt\n- Nhận xét về tính cách và khả năng tương thích\n- Ghi âm buổi tư vấn\n\nYêu cầu: Ảnh cận mặt rõ nét, đặc biệt là vùng mắt\nThời gian: 30 phút', 'https://res.cloudinary.com/dzpv3mfjt/image/upload/v1762279286/35bebd17-0147-45ac-a9d1-dc4f4e050546.png', 30, 199000.0, 0.10, 19900.0, '0', NULL, 78, 1, 22, NULL, '550e8400-e29b-41d4-a716-446655440071', '2025-06-15 16:30:00.000', '2025-07-25 09:50:00.000'),
                                                                                                                                                                                                                                                                       ('880e8400-e29b-41d4-a716-446655440010', 'Tư Vấn Hợp Tuổi - Chọn Ngày Tốt Cưới Hỏi', 'Tư vấn chuyên sâu về hợp tuổi và chọn ngày tốt cho đám cưới:\n\n💒 Xem hợp tuổi giữa hai người\n💒 Phân tích tính cách và khả năng hòa hợp\n💒 Chọn ngày giờ tốt cho lễ ăn hỏi, đám cưới\n💒 Tư vấn hướng nhà, hướng giường hợp phong thủy\n💒 Dự đoán vận mệnh hôn nhân trong tương lai\n\nNội dung tư vấn:\n- Phân tích mệnh ngũ hành của cả hai\n- Xem xét độ tương hợp về tử vi\n- Chọn 3-5 ngày tốt nhất cho hôn lễ\n- Tư vấn màu sắc trang trí phù hợp\n- Hướng dẫn cách hóa giải xung khắc (nếu có)\n- Báo cáo chi tiết kèm lịch tốt xấu\n\nYêu cầu: Ngày giờ sinh của cả hai người\nThời gian: 55 phút', 'https://res.cloudinary.com/dzpv3mfjt/image/upload/v1762279025/5ae4fab0-5b8f-4ca9-bc38-474107f8b2bd.png', 55, 549000.0, 0.10, 54900.0, '0', NULL, 201, 3, 92, NULL, '550e8400-e29b-41d4-a716-446655440071', '2025-07-20 13:10:00.000', '2025-10-05 17:20:00.000'),
                                                                                                                                                                                                                                                                       ('880e8400-e29b-41d4-a716-446655440011', 'Xem Bài Tarot Tài Chính - Quản Lý Tiền Bạc', 'Phiên xem bài Tarot chuyên về tài chính và tiền bạc:\n\n💰 Đánh giá tình hình tài chính hiện tại\n💰 Dự đoán cơ hội đầu tư và kinh doanh\n💰 Cảnh báo rủi ro tài chính sắp tới\n💰 Tư vấn cách quản lý và tăng trưởng tài sản\n💰 Xem xét khả năng vay mượn và đầu tư\n\nBạn sẽ nhận được:\n- Trải bài Money Spread chuyên sâu\n- Phân tích nguồn thu nhập chính và phụ\n- Nhận diện cơ hội tài chính trong 6-12 tháng tới\n- Lời khuyên về đầu tư và tiết kiệm\n- Hướng dẫn tránh rủi ro và thất thoát\n\nThời gian: 40 phút', 'https://res.cloudinary.com/dzpv3mfjt/image/upload/v1762279025/5ae4fab0-5b8f-4ca9-bc38-474107f8b2bd.png', 40, 319000.0, 0.10, 31900.0, '0', NULL, 134, 5, 48, NULL, '550e8400-e29b-41d4-a716-446655440071', '2025-08-12 10:25:00.000', '2025-09-28 14:45:00.000'),
                                                                                                                                                                                                                                                                       ('880e8400-e29b-41d4-a716-446655440012', 'Đặt Tên Con - Hợp Mệnh Hợp Tuổi Bố Mẹ', 'Tư vấn đặt tên con dựa trên ngũ hành và tử vi:\n\n👶 Phân tích mệnh ngũ hành của bé\n👶 Xem xét hợp tuổi với bố mẹ\n👶 Chọn tên theo âm dương ngũ hành\n👶 Phân tích ý nghĩa và nguồn gốc tên\n👶 Tư vấn tên chính và tên phụ (nếu có)\n\nDịch vụ bao gồm:\n- Phân tích mệnh bé và bố mẹ\n- Đề xuất 5-7 cái tên phù hợp\n- Giải thích ý nghĩa từng tên\n- Phân tích ngũ hành và độ tương hợp\n- Tư vấn cách gọi tên hàng ngày\n- File PDF chi tiết về các tên đề xuất\n\nYêu cầu: Ngày giờ sinh của bé và bố mẹ, họ gia đình\nThời gian: 50 phút', 'https://res.cloudinary.com/dzpv3mfjt/image/upload/v1762279286/35bebd17-0147-45ac-a9d1-dc4f4e050546.png', 50, 399000.0, 0.10, 39900.0, '0', NULL, 188, 2, 76, NULL, '550e8400-e29b-41d4-a716-446655440071', '2025-09-05 15:40:00.000', '2025-10-30 11:15:00.000'),
                                                                                                                                                                                                                                                                       ('880e8400-e29b-41d4-a716-446655440013', 'Xem Vận Năm Mới - Dự Đoán 12 Tháng Sắp Tới', 'Phân tích vận mệnh cho cả năm mới sắp đến:\n\n🎊 Dự đoán vận mệnh 12 tháng trong năm\n🎊 Phân tích các tháng tốt và tháng xấu\n🎊 Tư vấn tình duyên, sự nghiệp, tài lộc, sức khỏe\n🎊 Chọn ngày tốt cho các sự kiện quan trọng\n🎊 Hướng dẫn cách hóa giải và tăng cường vận khí\n\nBạn sẽ nhận được:\n- Bản phân tích chi tiết 12 tháng\n- Lịch tốt xấu cả năm (PDF)\n- Tư vấn màu sắc may mắn từng tháng\n- Hướng đi tốt cho công việc và tình duyên\n- Phân tích cung hoàng đạo và Tarot kết hợp\n- Buổi tư vấn trực tiếp để giải đáp thắc mắc\n\nThời gian: 70 phút | Gói đặc biệt cuối năm', 'https://res.cloudinary.com/dzpv3mfjt/image/upload/v1762279025/5ae4fab0-5b8f-4ca9-bc38-474107f8b2bd.png', 70, 649000.0, 0.10, 64900.0, '0', NULL, 256, 4, 118, NULL, '550e8400-e29b-41d4-a716-446655440071', '2025-11-20 09:30:00.000', '2025-11-02 16:50:00.000'),
                                                                                                                                                                                                                                                                       ('880e8400-e29b-41d4-a716-446655440014', 'Tư Vấn Chọn Ngày Khai Trương - Kinh Doanh Phát Đạt', 'Tư vấn chọn ngày giờ tốt cho khai trương kinh doanh:\n\n🏪 Chọn ngày giờ khai trương hợp tuổi chủ\n🏪 Xem hướng cửa hàng/văn phòng hợp phong thủy\n🏪 Tư vấn màu sắc và vật phẩm may mắn\n🏪 Phân tích vận kinh doanh trong 12 tháng đầu\n🏪 Hướng dẫn cách bố trí không gian kinh doanh\n\nNội dung tư vấn:\n- Phân tích mệnh chủ doanh nghiệp\n- Chọn 3 ngày tốt nhất để khai trương\n- Xác định giờ hoàng đạo khai trương\n- Tư vấn hướng đặt bàn thờ thần tài\n- Chọn màu sắc và cây phong thủy\n- Dự đoán vận kinh doanh năm đầu\n\nYêu cầu: Ngày sinh chủ, địa chỉ cửa hàng, ngành nghề\nThời gian: 45 phút', 'https://res.cloudinary.com/dzpv3mfjt/image/upload/v1762279286/35bebd17-0147-45ac-a9d1-dc4f4e050546.png', 45, 479000.0, 0.10, 47900.0, '0', NULL, 143, 3, 61, NULL, '550e8400-e29b-41d4-a716-446655440071', '2025-01-18 11:20:00.000', '2025-10-22 15:35:00.000');

-- 1.7. PACKAGE CATEGORIES
INSERT INTO package_category (package_category_id, package_id, category_id, created_at, updated_at) VALUES
                                                                                                        (gen_random_uuid(), '880e8400-e29b-41d4-a716-446655440001', '5e5d3003-cad8-4805-8e04-2170d12e5bcf', '2025-03-15 10:30:00.000', '2025-03-15 10:30:00.000'),
                                                                                                        (gen_random_uuid(), '880e8400-e29b-41d4-a716-446655440002', '1a1d3003-cad8-4805-8e04-2170d12e5bcf', '2025-04-20 15:45:00.000', '2025-04-20 15:45:00.000'),
                                                                                                        (gen_random_uuid(), '880e8400-e29b-41d4-a716-446655440003', '2b2d3003-cad8-4805-8e04-2170d12e5bcf', '2025-05-10 09:15:00.000', '2025-05-10 09:15:00.000'),
                                                                                                        (gen_random_uuid(), '880e8400-e29b-41d4-a716-446655440004', '5e5d3003-cad8-4805-8e04-2170d12e5bcf', '2025-06-01 11:20:00.000', '2025-06-01 11:20:00.000'),
                                                                                                        (gen_random_uuid(), '880e8400-e29b-41d4-a716-446655440004', '1a1d3003-cad8-4805-8e04-2170d12e5bcf', '2025-06-01 11:20:00.000', '2025-06-01 11:20:00.000'),
                                                                                                        (gen_random_uuid(), '880e8400-e29b-41d4-a716-446655440004', '2b2d3003-cad8-4805-8e04-2170d12e5bcf', '2025-06-01 11:20:00.000', '2025-06-01 11:20:00.000'),
                                                                                                        (gen_random_uuid(), '880e8400-e29b-41d4-a716-446655440005', '5e5d3003-cad8-4805-8e04-2170d12e5bcf', '2025-02-14 10:30:00.000', '2025-02-14 10:30:00.000'),
                                                                                                        (gen_random_uuid(), '880e8400-e29b-41d4-a716-446655440006', '5e5d3003-cad8-4805-8e04-2170d12e5bcf', '2025-03-22 09:15:00.000', '2025-03-22 09:15:00.000'),
                                                                                                        (gen_random_uuid(), '880e8400-e29b-41d4-a716-446655440007', '4d4d3003-cad8-4805-8e04-2170d12e5bcf', '2025-04-10 14:20:00.000', '2025-04-10 14:20:00.000'),
                                                                                                        (gen_random_uuid(), '880e8400-e29b-41d4-a716-446655440008', '3c3d3003-cad8-4805-8e04-2170d12e5bcf', '2025-05-08 11:45:00.000', '2025-05-08 11:45:00.000'),
                                                                                                        (gen_random_uuid(), '880e8400-e29b-41d4-a716-446655440009', '2b2d3003-cad8-4805-8e04-2170d12e5bcf', '2025-06-15 16:30:00.000', '2025-06-15 16:30:00.000'),
                                                                                                        (gen_random_uuid(), '880e8400-e29b-41d4-a716-446655440010', '1a1d3003-cad8-4805-8e04-2170d12e5bcf', '2025-07-20 13:10:00.000', '2025-07-20 13:10:00.000'),
                                                                                                        (gen_random_uuid(), '880e8400-e29b-41d4-a716-446655440010', '3c3d3003-cad8-4805-8e04-2170d12e5bcf', '2025-07-20 13:10:00.000', '2025-07-20 13:10:00.000'),
                                                                                                        (gen_random_uuid(), '880e8400-e29b-41d4-a716-446655440011', '5e5d3003-cad8-4805-8e04-2170d12e5bcf', '2025-08-12 10:25:00.000', '2025-08-12 10:25:00.000'),
                                                                                                        (gen_random_uuid(), '880e8400-e29b-41d4-a716-446655440012', '3c3d3003-cad8-4805-8e04-2170d12e5bcf', '2025-09-05 15:40:00.000', '2025-09-05 15:40:00.000'),
                                                                                                        (gen_random_uuid(), '880e8400-e29b-41d4-a716-446655440012', '1a1d3003-cad8-4805-8e04-2170d12e5bcf', '2025-09-05 15:40:00.000', '2025-09-05 15:40:00.000'),
                                                                                                        (gen_random_uuid(), '880e8400-e29b-41d4-a716-446655440013', '5e5d3003-cad8-4805-8e04-2170d12e5bcf', '2025-11-20 09:30:00.000', '2025-11-20 09:30:00.000'),
                                                                                                        (gen_random_uuid(), '880e8400-e29b-41d4-a716-446655440013', '1a1d3003-cad8-4805-8e04-2170d12e5bcf', '2025-11-20 09:30:00.000', '2025-11-20 09:30:00.000'),
                                                                                                        (gen_random_uuid(), '880e8400-e29b-41d4-a716-446655440014', '3c3d3003-cad8-4805-8e04-2170d12e5bcf', '2025-01-18 11:20:00.000', '2025-01-18 11:20:00.000');


-- =============================================
-- SEER 2: Cô Nguyễn Thị Hoa Linh (user_id: ...0022)
-- =============================================

-- 2.1. USER
INSERT INTO "user" (user_id, role, email, phone, gender, password_hash, full_name, avatar_url, cover_url, profile_description, birth_date, status, fcm_token, is_active, created_at, updated_at) VALUES
    ('550e8400-e29b-41d4-a716-446655440072', '1', 'cohoailinh@gmail.com', '+84903456789', 'Nữ', '$2a$10$su2P6OQUjL6n5uW/QHpUtuNSnW64AEd48Iw5eTqAieJbSsDP3oFKu', 'Cô Nguyễn Thị Hoa Linh', 'https://res.cloudinary.com/dzpv3mfjt/image/upload/v1762322268/avatar-002.png', 'https://res.cloudinary.com/dzpv3mfjt/image/upload/v1762282708/cover-002.png', 'Chuyên gia về Tarot và Cung Hoàng Đạo với 12 năm kinh nghiệm. Tốt nghiệp khóa học Tarot quốc tế và có chứng chỉ hành nghề Chiêm Tinh học. Đã tư vấn cho hơn 3000 khách hàng về tình duyên và sự nghiệp.', '1988-03-20 10:15:00.000', '0', NULL, true, '2025-02-15 09:30:00.000', '2025-11-01 10:20:00.000');

-- 2.2. SEER PROFILE
INSERT INTO seer_profile (seer_id, created_at, updated_at, payment_info, paypal_email, total_rates, avg_rating, performance_tier) VALUES ('550e8400-e29b-41d4-a716-446655440072', '2025-02-15 09:30:00.000', '2025-11-01 10:20:00.000', NULL, 'isu@seer.example.com', 86, 4.75, 3);

-- 2.6. SERVICE PACKAGES
INSERT INTO service_package (package_id, package_title, package_content, image_url, duration_minutes, price, commission_rate, service_fee_amount, status, rejection_reason, like_count, dislike_count, comment_count, deleted_at, seer_id, created_at, updated_at) VALUES
                                                                                                                                                                                                                                                                       ('880e8400-e29b-41d4-a716-446655440101', 'Tarot Tình Duyên - Tìm Hiểu Trái Tim Người Ấy', 'Phiên tư vấn Tarot chuyên sâu về tình duyên:\n\n💝 Phân tích cảm xúc và suy nghĩ của đối phương\n💝 Dự đoán xu hướng phát triển của mối quan hệ\n💝 Tư vấn cách tiếp cận và cải thiện tình cảm\n💝 Giải đáp thắc mắc về người thầm thương trộm nhớ\n\nThời gian: 35 phút', 'https://res.cloudinary.com/dzpv3mfjt/image/upload/v1762279025/5ae4fab0-5b8f-4ca9-bc38-474107f8b2bd.png', 35, 249000.0, 0.10, 24900.0, '0', NULL, 89, 2, 34, NULL, '550e8400-e29b-41d4-a716-446655440072', '2025-03-08 10:20:00.000', '2025-10-15 14:30:00.000'),
                                                                                                                                                                                                                                                                       ('880e8400-e29b-41d4-a716-446655440102', 'Phân Tích Cung Hoàng Đạo Cá Nhân', 'Xem chi tiết về tính cách và vận mệnh qua cung hoàng đạo:\n\n⭐ Phân tích cung Mặt Trời và Mặt Trăng\n⭐ Dự đoán xu hướng năm mới\n⭐ Tư vấn tình duyên hợp cung\n\nThời gian: 45 phút', 'https://res.cloudinary.com/dzpv3mfjt/image/upload/v1762279025/5ae4fab0-5b8f-4ca9-bc38-474107f8b2bd.png', 45, 329000.0, 0.10, 32900.0, '0', NULL, 67, 1, 23, NULL, '550e8400-e29b-41d4-a716-446655440072', '2025-04-12 11:15:00.000', '2025-09-20 16:40:00.000');

-- 2.7. PACKAGE CATEGORIES
INSERT INTO package_category (package_category_id, package_id, category_id, created_at, updated_at) VALUES
                                                                                                        (gen_random_uuid(), '880e8400-e29b-41d4-a716-446655440101', '5e5d3003-cad8-4805-8e04-2170d12e5bcf', '2025-03-08 10:20:00.000', '2025-03-08 10:20:00.000'),
                                                                                                        (gen_random_uuid(), '880e8400-e29b-41d4-a716-446655440102', '1a1d3003-cad8-4805-8e04-2170d12e5bcf', '2025-04-12 11:15:00.000', '2025-04-12 11:15:00.000');


-- =============================================
-- SEER 3: Thầy Trần Ngọc Minh (user_id: ...0023)
-- =============================================

-- 3.1. USER
INSERT INTO "user" (user_id, role, email, phone, gender, password_hash, full_name, avatar_url, cover_url, profile_description, birth_date, status, fcm_token, is_active, created_at, updated_at) VALUES
    ('550e8400-e29b-41d4-a716-446655440073', '1', 'thayngocminh@gmail.com', '+84912345678', 'Nam', '$2a$10$su2P6OQUjL6n5uW/QHpUtuNSnW64AEd48Iw5eTqAieJbSsDP3oFKu', 'Thầy Trần Ngọc Minh', 'https://res.cloudinary.com/dzpv3mfjt/image/upload/v1762322268/avatar-003.png', 'https://res.cloudinary.com/dzpv3mfjt/image/upload/v1762282708/cover-003.png', 'Chuyên gia Nhân Tướng Học và Xem Chỉ Tay với 18 năm kinh nghiệm. Kế thừa nghề từ gia đình với truyền thống 3 đời làm thầy bói. Đã tư vấn cho hơn 6000 khách hàng.', '1975-11-08 08:45:00.000', '0', NULL, true, '2025-01-20 10:15:00.000', '2025-10-28 15:30:00.000');

-- 3.2. SEER PROFILE
INSERT INTO seer_profile (seer_id, created_at, updated_at, payment_info, paypal_email, total_rates, avg_rating, performance_tier) VALUES ('550e8400-e29b-41d4-a716-446655440073', '2025-01-20 10:15:00.000', '2025-10-28 15:30:00.000', NULL, 'isu@seer.example.com', 154, 4.88, 3);

-- 3.6. SERVICE PACKAGES
INSERT INTO service_package (package_id, package_title, package_content, image_url, duration_minutes, price, commission_rate, service_fee_amount, status, rejection_reason, like_count, dislike_count, comment_count, deleted_at, seer_id, created_at, updated_at) VALUES
                                                                                                                                                                                                                                                                       ('880e8400-e29b-41d4-a716-446655440201', 'Xem Tướng Mặt - Đọc Vận Mệnh Cuộc Đời', 'Phân tích toàn diện về vận mệnh qua khuôn mặt:\n\n👤 Xem 12 cung vị trên khuôn mặt\n👤 Phân tích 5 quan (mắt, mũi, miệng, tai, lông mày)\n👤 Dự đoán vận mệnh tương lai\n👤 Tư vấn cách cải thiện vận khí\n\nThời gian: 40 phút', 'https://res.cloudinary.com/dzpv3mfjt/image/upload/v1762279286/35bebd17-0147-45ac-a9d1-dc4f4e050546.png', 40, 369000.0, 0.10, 36900.0, '0', NULL, 142, 3, 56, NULL, '550e8400-e29b-41d4-a716-446655440073', '2025-02-05 09:20:00.000', '2025-10-18 14:15:00.000'),
                                                                                                                                                                                                                                                                       ('880e8400-e29b-41d4-a716-446655440202', 'Xem Chỉ Tay Toàn Diện', 'Đọc vận mệnh qua lòng bàn tay:\n\n✋ Phân tích 3 đường chính: Sinh mệnh, Sự nghiệp, Tình duyên\n✋ Xem vân tay và tính cách\n✋ Dự đoán các năm quan trọng\n\nThời gian: 30 phút', 'https://res.cloudinary.com/dzpv3mfjt/image/upload/v1762279286/35bebd17-0147-45ac-a9d1-dc4f4e050546.png', 30, 229000.0, 0.10, 22900.0, '0', NULL, 98, 2, 41, NULL, '550e8400-e29b-41d4-a716-446655440073', '2025-03-10 10:30:00.000', '2025-09-25 11:45:00.000');

-- 3.7. PACKAGE CATEGORIES
INSERT INTO package_category (package_category_id, package_id, category_id, created_at, updated_at) VALUES
                                                                                                        (gen_random_uuid(), '880e8400-e29b-41d4-a716-446655440201', '2b2d3003-cad8-4805-8e04-2170d12e5bcf', '2025-02-05 09:20:00.000', '2025-02-05 09:20:00.000'),
                                                                                                        (gen_random_uuid(), '880e8400-e29b-41d4-a716-446655440202', '4d4d3003-cad8-4805-8e04-2170d12e5bcf', '2025-03-10 10:30:00.000', '2025-03-10 10:30:00.000');


-- =============================================
-- SEER 4: Cô Lê Anh Hương (user_id: ...0024)
-- =============================================

-- 4.1. USER
INSERT INTO "user" (user_id, role, email, phone, gender, password_hash, full_name, avatar_url, cover_url, profile_description, birth_date, status, fcm_token, is_active, created_at, updated_at) VALUES
    ('550e8400-e29b-41d4-a716-446655440074', '1', 'colanhuong@gmail.com', '+84987654321', 'Nữ', '$2a$10$su2P6OQUjL6n5uW/QHpUtuNSnW64AEd48Iw5eTqAieJbSsDP3oFKu', 'Cô Lê Anh Hương', 'https://res.cloudinary.com/dzpv3mfjt/image/upload/v1762322268/avatar-004.png', 'https://res.cloudinary.com/dzpv3mfjt/image/upload/v1762282708/cover-004.png', 'Chuyên gia Phong Thủy và Ngũ Hành với 10 năm kinh nghiệm. Tư vấn phong thủy nhà ở, văn phòng và chọn ngày tốt.', '1990-05-15 14:20:00.000', '0', NULL, true, '2025-03-25 11:10:00.000', '2025-11-03 09:45:00.000');

-- 4.2. SEER PROFILE
INSERT INTO seer_profile (seer_id, created_at, updated_at, payment_info, paypal_email, total_rates, avg_rating, performance_tier) VALUES ('550e8400-e29b-41d4-a716-446655440074', '2025-03-25 11:10:00.000', '2025-11-03 09:45:00.000', NULL, 'isu@seer.example.com', 47, 4.62, 3);

-- 4.6. SERVICE PACKAGES
INSERT INTO service_package (package_id, package_title, package_content, image_url, duration_minutes, price, commission_rate, service_fee_amount, status, rejection_reason, like_count, dislike_count, comment_count, deleted_at, seer_id, created_at, updated_at) VALUES
    ('880e8400-e29b-41d4-a716-446655440301', 'Tư Vấn Phong Thủy Nhà Ở - Hút Tài Lộc', 'Tư vấn phong thủy toàn diện:\n\n🏡 Xem hướng nhà hợp mệnh\n🏡 Bố trí phòng ngủ, làm việc\n🏡 Chọn màu sắc phong thủy\n\nThời gian: 50 phút', 'https://res.cloudinary.com/dzpv3mfjt/image/upload/v1762279286/35bebd17-0147-45ac-a9d1-dc4f4e050546.png', 50, 429000.0, 0.10, 42900.0, '0', NULL, 156, 4, 62, NULL, '550e8400-e29b-41d4-a716-446655440074', '2025-04-05 14:20:00.000', '2025-10-12 11:30:00.000');

-- 4.7. PACKAGE CATEGORIES
INSERT INTO package_category (package_category_id, package_id, category_id, created_at, updated_at) VALUES
    (gen_random_uuid(), '880e8400-e29b-41d4-a716-446655440301', '3c3d3003-cad8-4805-8e04-2170d12e5bcf', '2025-04-05 14:20:00.000', '2025-04-05 14:20:00.000');


-- =============================================
-- SEER 5: Thầy Võ Phúc Thành (user_id: ...0025)
-- =============================================

-- 5.1. USER
INSERT INTO "user" (user_id, role, email, phone, gender, password_hash, full_name, avatar_url, cover_url, profile_description, birth_date, status, fcm_token, is_active, created_at, updated_at) VALUES
    ('550e8400-e29b-41d4-a716-446655440075', '1', 'thayphucthanh@gmail.com', '+84935678901', 'Nam', '$2a$10$su2P6OQUjL6n5uW/QHpUtuNSnW64AEd48Iw5eTqAieJbSsDP3oFKu', 'Thầy Võ Phúc Thành', 'https://res.cloudinary.com/dzpv3mfjt/image/upload/v1762322268/avatar-005.png', 'https://res.cloudinary.com/dzpv3mfjt/image/upload/v1762282708/cover-005.png', 'Chuyên gia Tarot và Xem Chỉ Tay với 8 năm kinh nghiệm. Phong cách tư vấn tận tâm, dễ hiểu. Đã giúp đỡ hơn 1500 khách hàng tìm ra hướng đi đúng đắn.', '1992-07-25 16:30:00.000', '0', NULL, true, '2025-04-10 14:25:00.000', '2025-10-20 11:15:00.000');

-- 5.2. SEER PROFILE
INSERT INTO seer_profile (seer_id, created_at, updated_at, payment_info, paypal_email, total_rates, avg_rating, performance_tier) VALUES ('550e8400-e29b-41d4-a716-446655440075', '2025-04-10 14:25:00.000', '2025-10-20 11:15:00.000', NULL, 'isu@seer.example.com', 49, 4.63, 3);

-- 5.6. SERVICE PACKAGES
INSERT INTO service_package (package_id, package_title, package_content, image_url, duration_minutes, price, commission_rate, service_fee_amount, status, rejection_reason, like_count, dislike_count, comment_count, deleted_at, seer_id, created_at, updated_at) VALUES
                                                                                                                                                                                                                                                                       ('880e8400-e29b-41d4-a716-446655440401', 'Xem Tarot Giải Đáp Thắc Mắc', 'Phiên Tarot tư vấn nhanh:\n\n🎴 Giải đáp 1-2 câu hỏi cụ thể\n🎴 Tư vấn hướng đi ngắn hạn\n🎴 Phân tích tình huống hiện tại\n\nThời gian: 25 phút', 'https://res.cloudinary.com/dzpv3mfjt/image/upload/v1762279025/5ae4fab0-5b8f-4ca9-bc38-474107f8b2bd.png', 25, 199000.0, 0.10, 19900.0, '0', NULL, 76, 1, 28, NULL, '550e8400-e29b-41d4-a716-446655440075', '2025-04-18 10:15:00.000', '2025-10-08 15:30:00.000'),
                                                                                                                                                                                                                                                                       ('880e8400-e29b-41d4-a716-446655440402', 'Xem Chỉ Tay Cơ Bản', 'Phân tích chỉ tay:\n\n✋ Đọc đường sinh mệnh\n✋ Đường tình duyên\n✋ Đường sự nghiệp\n\nThời gian: 30 phút', 'https://res.cloudinary.com/dzpv3mfjt/image/upload/v1762279286/35bebd17-0147-45ac-a9d1-dc4f4e050546.png', 30, 219000.0, 0.10, 21900.0, '0', NULL, 54, 2, 19, NULL, '550e8400-e29b-41d4-a716-446655440075', '2025-05-20 11:40:00.000', '2025-09-15 14:25:00.000');

-- 5.7. PACKAGE CATEGORIES
INSERT INTO package_category (package_category_id, package_id, category_id, created_at, updated_at) VALUES
                                                                                                        (gen_random_uuid(), '880e8400-e29b-41d4-a716-446655440401', '5e5d3003-cad8-4805-8e04-2170d12e5bcf', '2025-04-18 10:15:00.000', '2025-04-18 10:15:00.000'),
                                                                                                        (gen_random_uuid(), '880e8400-e29b-41d4-a716-446655440402', '4d4d3003-cad8-4805-8e04-2170d12e5bcf', '2025-05-20 11:40:00.000', '2025-05-20 11:40:00.000');

-- =============================================
-- Fortune Telling Application - Database Schema
-- Version: 1.3
-- Description: Insert initial data for seers (Part 2/2)
-- =============================================

-- =============================================
-- SEER 6: Cô Phạm Mỹ Linh (user_id: ...0026)
-- =============================================

-- 6.1. USER
INSERT INTO "user" (user_id, role, email, phone, gender, password_hash, full_name, avatar_url, cover_url, profile_description, birth_date, status, fcm_token, is_active, created_at, updated_at) VALUES
    ('550e8400-e29b-41d4-a716-446655440076', '1', 'comylinh@gmail.com', '+84923456789', 'Nữ', '$2a$10$su2P6OQUjL6n5uW/QHpUtuNSnW64AEd48Iw5eTqAieJbSsDP3oFKu', 'Cô Phạm Mỹ Linh', 'https://res.cloudinary.com/dzpv3mfjt/image/upload/v1762322268/avatar-006.png', 'https://res.cloudinary.com/dzpv3mfjt/image/upload/v1762282708/cover-006.png', 'Chuyên gia Cung Hoàng Đạo và Nhân Tướng với 14 năm kinh nghiệm. Tư vấn về tính cách, tình duyên và định hướng sự nghiệp. Đã tư vấn cho hơn 4500 khách hàng.', '1985-12-10 09:45:00.000', '0', NULL, true, '2025-02-28 10:20:00.000', '2025-10-25 16:10:00.000');

-- 6.2. SEER PROFILE
INSERT INTO seer_profile (seer_id, created_at, updated_at, payment_info, paypal_email, total_rates, avg_rating, performance_tier) VALUES ('550e8400-e29b-41d4-a716-446655440076', '2025-02-28 10:20:00.000', '2025-10-25 16:10:00.000', NULL, 'isu@seer.example.com', 33, 4.57, 3);

-- 6.6. SERVICE PACKAGES
INSERT INTO service_package (package_id, package_title, package_content, image_url, duration_minutes, price, commission_rate, service_fee_amount, status, rejection_reason, like_count, dislike_count, comment_count, deleted_at, seer_id, created_at, updated_at) VALUES
                                                                                                                                                                                                                                                                       ('880e8400-e29b-41d4-a716-446655440501', 'Phân Tích Bản Đồ Sao Tình Duyên', 'Xem vận tình duyên qua cung hoàng đạo:\n\n💕 Phân tích Venus và Mars\n💕 Xem độ hợp với đối phương\n💕 Dự đoán thời điểm tình duyên tốt\n\nThời gian: 45 phút', 'https://res.cloudinary.com/dzpv3mfjt/image/upload/v1762279025/5ae4fab0-5b8f-4ca9-bc38-474107f8b2bd.png', 45, 379000.0, 0.10, 37900.0, '0', NULL, 128, 3, 51, NULL, '550e8400-e29b-41d4-a716-446655440076', '2025-03-12 10:30:00.000', '2025-10-18 14:45:00.000'),
                                                                                                                                                                                                                                                                       ('880e8400-e29b-41d4-a716-446655440502', 'Xem Tướng - Tư Vấn Định Hướng', 'Nhân tướng học:\n\n👤 Phân tích tính cách\n👤 Điểm mạnh, điểm yếu\n👤 Định hướng sự nghiệp\n\nThời gian: 40 phút', 'https://res.cloudinary.com/dzpv3mfjt/image/upload/v1762279286/35bebd17-0147-45ac-a9d1-dc4f4e050546.png', 40, 339000.0, 0.10, 33900.0, '0', NULL, 95, 2, 37, NULL, '550e8400-e29b-41d4-a716-446655440076', '2025-04-08 11:20:00.000', '2025-09-22 15:30:00.000');

-- 6.7. PACKAGE CATEGORIES
INSERT INTO package_category (package_category_id, package_id, category_id, created_at, updated_at) VALUES
                                                                                                        (gen_random_uuid(), '880e8400-e29b-41d4-a716-446655440501', '1a1d3003-cad8-4805-8e04-2170d12e5bcf', '2025-03-12 10:30:00.000', '2025-03-12 10:30:00.000'),
                                                                                                        (gen_random_uuid(), '880e8400-e29b-41d4-a716-446655440502', '2b2d3003-cad8-4805-8e04-2170d12e5bcf', '2025-04-08 11:20:00.000', '2025-04-08 11:20:00.000');


-- =============================================
-- SEER 7: Thầy Nguyễn Văn Hiếu (user_id: ...0027)
-- =============================================

-- 7.1. USER
INSERT INTO "user" (user_id, role, email, phone, gender, password_hash, full_name, avatar_url, cover_url, profile_description, birth_date, status, fcm_token, is_active, created_at, updated_at) VALUES
    ('550e8400-e29b-41d4-a716-446655440077', '1', 'thayvanhieu@gmail.com', '+84945678123', 'Nam', '$2a$10$su2P6OQUjL6n5uW/QHpUtuNSnW64AEd48Iw5eTqAieJbSsDP3oFKu', 'Thầy Nguyễn Văn Hiếu', 'https://res.cloudinary.com/dzpv3mfjt/image/upload/v1762322268/avatar-007.png', 'https://res.cloudinary.com/dzpv3mfjt/image/upload/v1762282708/cover-007.png', 'Thầy bói chuyên về Tarot, Nhân Tướng và Ngũ Hành với 16 năm kinh nghiệm. Kết hợp nhiều phương pháp để tư vấn toàn diện.', '1978-04-18 11:30:00.000', '0', NULL, true, '2025-01-15 09:10:00.000', '2025-10-30 14:25:00.000');

-- 7.2. SEER PROFILE
INSERT INTO seer_profile (seer_id, created_at, updated_at, payment_info, paypal_email, total_rates, avg_rating, performance_tier) VALUES ('550e8400-e29b-41d4-a716-446655440077', '2025-01-15 09:10:00.000', '2025-10-30 14:25:00.000', NULL, 'isu@seer.example.com', 98, 4.8, 3);

-- 7.6. SERVICE PACKAGES
INSERT INTO service_package (package_id, package_title, package_content, image_url, duration_minutes, price, commission_rate, service_fee_amount, status, rejection_reason, like_count, dislike_count, comment_count, deleted_at, seer_id, created_at, updated_at) VALUES
    ('880e8400-e29b-41d4-a716-446655440601', 'Combo Đặc Biệt: Tarot + Tướng + Phong Thủy', 'Gói tư vấn toàn diện:\n\n🎴 Xem Tarot tổng quan\n👤 Phân tích nhân tướng\n🏠 Tư vấn phong thủy cơ bản\n\nThời gian: 75 phút', 'https://res.cloudinary.com/dzpv3mfjt/image/upload/v1762279025/5ae4fab0-5b8f-4ca9-bc38-474107f8b2bd.png', 75, 699000.0, 0.10, 69900.0, '0', NULL, 189, 5, 78, NULL, '550e8400-e29b-41d4-a716-446655440077', '2025-01-25 10:15:00.000', '2025-10-20 11:40:00.000');

-- 7.7. PACKAGE CATEGORIES
INSERT INTO package_category (package_category_id, package_id, category_id, created_at, updated_at) VALUES
                                                                                                        (gen_random_uuid(), '880e8400-e29b-41d4-a716-446655440601', '5e5d3003-cad8-4805-8e04-2170d12e5bcf', '2025-01-25 10:15:00.000', '2025-01-25 10:15:00.000'),
                                                                                                        (gen_random_uuid(), '880e8400-e29b-41d4-a716-446655440601', '2b2d3003-cad8-4805-8e04-2170d12e5bcf', '2025-01-25 10:15:00.000', '2025-01-25 10:15:00.000'),
                                                                                                        (gen_random_uuid(), '880e8400-e29b-41d4-a716-446655440601', '3c3d3003-cad8-4805-8e04-2170d12e5bcf', '2025-01-25 10:15:00.000', '2025-01-25 10:15:00.000');


-- =============================================
-- SEER 8: Cô Đỗ Thùy Trang (user_id: ...0028)
-- =============================================

-- 8.1. USER
INSERT INTO "user" (user_id, role, email, phone, gender, password_hash, full_name, avatar_url, cover_url, profile_description, birth_date, status, fcm_token, is_active, created_at, updated_at) VALUES
    ('550e8400-e29b-41d4-a716-446655440078', '1', 'cothuytrang@gmail.com', '+84956789012', 'Nữ', '$2a$10$su2P6OQUjL6n5uW/QHpUtuNSnW64AEd48Iw5eTqAieJbSsDP3oFKu', 'Cô Đỗ Thùy Trang', 'https://res.cloudinary.com/dzpv3mfjt/image/upload/v1762322268/avatar-008.png', 'https://res.cloudinary.com/dzpv3mfjt/image/upload/v1762282708/cover-008.png', 'Chuyên gia Tarot trẻ tuổi với 6 năm kinh nghiệm. Phong cách tư vấn hiện đại, dễ gần. Đã tư vấn cho hơn 1200 bạn trẻ.', '1995-09-12 13:20:00.000', '0', NULL, true, '2025-05-08 11:30:00.000', '2025-11-02 09:15:00.000');

-- 8.2. SEER PROFILE
INSERT INTO seer_profile (seer_id, created_at, updated_at, payment_info, paypal_email, total_rates, avg_rating, performance_tier) VALUES ('550e8400-e29b-41d4-a716-446655440078', '2025-05-08 11:30:00.000', '2025-11-02 09:15:00.000', NULL, 'isu@seer.example.com', 161, 4.9, 3);

-- 8.6. SERVICE PACKAGES
INSERT INTO service_package (package_id, package_title, package_content, image_url, duration_minutes, price, commission_rate, service_fee_amount, status, rejection_reason, like_count, dislike_count, comment_count, deleted_at, seer_id, created_at, updated_at) VALUES
    ('880e8400-e29b-41d4-a716-446655440701', 'Tarot Cho Bạn Trẻ - Tư Vấn Nhanh', 'Phiên tư vấn Tarot ngắn gọn:\n\n✨ Giải đáp 1 câu hỏi\n✨ Phù hợp cho bạn trẻ\n✨ Tư vấn nhanh, hiệu quả\n\nThời gian: 20 phút', 'https://res.cloudinary.com/dzpv3mfjt/image/upload/v1762279025/5ae4fab0-5b8f-4ca9-bc38-474107f8b2bd.png', 20, 149000.0, 0.10, 14900.0, '0', NULL, 112, 3, 45, NULL, '550e8400-e29b-41d4-a716-446655440078', '2025-05-15 14:20:00.000', '2025-10-28 16:30:00.000');

-- 8.7. PACKAGE CATEGORIES
INSERT INTO package_category (package_category_id, package_id, category_id, created_at, updated_at) VALUES
    (gen_random_uuid(), '880e8400-e29b-41d4-a716-446655440701', '5e5d3003-cad8-4805-8e04-2170d12e5bcf', '2025-05-15 14:20:00.000', '2025-05-15 14:20:00.000');


-- =============================================
-- SEER 9: Thầy Lý Hoàng Long (user_id: ...0029)
-- =============================================

-- 9.1. USER
INSERT INTO "user" (user_id, role, email, phone, gender, password_hash, full_name, avatar_url, cover_url, profile_description, birth_date, status, fcm_token, is_active, created_at, updated_at) VALUES
    ('550e8400-e29b-41d4-a716-446655440079', '1', 'thayhoanglong@gmail.com', '+84967890123', 'Nam', '$2a$10$su2P6OQUjL6n5uW/QHpUtuNSnW64AEd48Iw5eTqAieJbSsDP3oFKu', 'Thầy Lý Hoàng Long', 'https://res.cloudinary.com/dzpv3mfjt/image/upload/v1762322268/avatar-009.png', 'https://res.cloudinary.com/dzpv3mfjt/image/upload/v1762282708/cover-009.png', 'Chuyên gia Cung Hoàng Đạo và Xem Chỉ Tay với 11 năm kinh nghiệm. Tư vấn chi tiết về bản đồ sao và vận mệnh.', '1987-06-05 15:40:00.000', '0', NULL, true, '2025-03-18 10:45:00.000', '2025-10-22 13:50:00.000');

-- 9.2. SEER PROFILE
INSERT INTO seer_profile (seer_id, created_at, updated_at, payment_info, paypal_email, total_rates, avg_rating, performance_tier) VALUES ('550e8400-e29b-41d4-a716-446655440079', '2025-03-18 10:45:00.000', '2025-10-22 13:50:00.000', NULL, 'isu@seer.example.com', 45, 4.6, 3);

-- 9.6. SERVICE PACKAGES
INSERT INTO service_package (package_id, package_title, package_content, image_url, duration_minutes, price, commission_rate, service_fee_amount, status, rejection_reason, like_count, dislike_count, comment_count, deleted_at, seer_id, created_at, updated_at) VALUES
                                                                                                                                                                                                                                                                       ('880e8400-e29b-41d4-a716-446655440801', 'Bản Đồ Sao Sự Nghiệp', 'Phân tích sự nghiệp qua bản đồ sao:\n\n⭐ Phân tích MC và nhà thứ 10\n⭐ Điểm mạnh nghề nghiệp\n⭐ Thời điểm thăng tiến\n\nThời gian: 50 phút', 'https://res.cloudinary.com/dzpv3mfjt/image/upload/v1762279025/5ae4fab0-5b8f-4ca9-bc38-474107f8b2bd.png', 50, 449000.0, 0.10, 44900.0, '0', NULL, 134, 4, 52, NULL, '550e8400-e29b-41d4-a716-446655440079', '2025-03-28 11:20:00.000', '2025-10-15 15:40:00.000'),
                                                                                                                                                                                                                                                                       ('880e8400-e29b-41d4-a716-446655440802', 'Xem Chỉ Tay Chuyên Sâu', 'Phân tích chỉ tay chi tiết:\n\n✋ Đọc 5 đường chính\n✋ Phân tích vân tay\n✋ Dự đoán các mốc quan trọng\n\nThời gian: 40 phút', 'https://res.cloudinary.com/dzpv3mfjt/image/upload/v1762279286/35bebd17-0147-45ac-a9d1-dc4f4e050546.png', 40, 269000.0, 0.10, 26900.0, '0', NULL, 87, 2, 31, NULL, '550e8400-e29b-41d4-a716-446655440079', '2025-04-15 10:30:00.000', '2025-09-28 14:20:00.000');

-- 9.7. PACKAGE CATEGORIES
INSERT INTO package_category (package_category_id, package_id, category_id, created_at, updated_at) VALUES
                                                                                                        (gen_random_uuid(), '880e8400-e29b-41d4-a716-446655440801', '1a1d3003-cad8-4805-8e04-2170d12e5bcf', '2025-03-28 11:20:00.000', '2025-03-28 11:20:00.000'),
                                                                                                        (gen_random_uuid(), '880e8400-e29b-41d4-a716-446655440802', '4d4d3003-cad8-4805-8e04-2170d12e5bcf', '2025-04-15 10:30:00.000', '2025-04-15 10:30:00.000');


-- =============================================
-- SEER 10: Cô Trịnh Kim Oanh (user_id: ...0030)
-- =============================================

-- 10.1. USER
INSERT INTO "user" (user_id, role, email, phone, gender, password_hash, full_name, avatar_url, cover_url, profile_description, birth_date, status, fcm_token, is_active, created_at, updated_at) VALUES
    ('550e8400-e29b-41d4-a716-446655440080', '1', 'cokimoanh@gmail.com', '+84978901234', 'Nữ', '$2a$10$su2P6OQUjL6n5uW/QHpUtuNSnW64AEd48Iw5eTqAieJbSsDP3oFKu', 'Cô Trịnh Kim Oanh', 'https://res.cloudinary.com/dzpv3mfjt/image/upload/v1762322268/avatar-010.png', 'https://res.cloudinary.com/dzpv3mfjt/image/upload/v1762282708/cover-010.png', 'Thạc sĩ Nhân Tướng Học với 15 năm kinh nghiệm. Chuyên phân tích tướng mạo và dự đoán vận mệnh. Đã tư vấn cho hơn 3500 khách hàng.', '1982-03-25 10:30:00.000', '0', NULL, true, '2025-02-10 14:20:00.000', '2025-11-01 16:35:00.000');

-- 10.2. SEER PROFILE
INSERT INTO seer_profile (seer_id, created_at, updated_at, payment_info, paypal_email, total_rates, avg_rating, performance_tier) VALUES ('550e8400-e29b-41d4-a716-446655440080', '2025-02-10 14:20:00.000', '2025-11-01 16:35:00.000', NULL, 'isu@seer.example.com', 100, 4.82, 3);

-- 10.3. SEER SPECIALITY
INSERT INTO seer_speciality (seer_speciality_id, user_id, category_id, created_at, updated_at) VALUES
                                                                                                   (gen_random_uuid(), '550e8400-e29b-41d4-a716-446655440080', '2b2d3003-cad8-4805-8e04-2170d12e5bcf', '2025-02-10 14:25:00.000', '2025-02-10 14:25:00.000'),
                                                                                                   (gen_random_uuid(), '550e8400-e29b-41d4-a716-446655440080', '3c3d3003-cad8-4805-8e04-2170d12e5bcf', '2025-02-10 14:25:00.000', '2025-02-10 14:25:00.000');

-- 10.4. CERTIFICATES
INSERT INTO certificate (certificate_id, certificate_name, certificate_description, issued_by, issued_at, expiration_date, certificate_url, status, decision_date, decision_reason, seer_id, created_at, updated_at) VALUES
                                                                                                                                                                                                                         ('cc0e8400-e29b-41d4-a716-446655440901', 'Thạc Sĩ Nhân Tướng Học', 'Bằng thạc sĩ chuyên ngành Nhân Tướng Học, nghiên cứu sâu về tướng mạo và vận mệnh.', 'Đại Học Nhân Văn Đông Phương', '2017-08-15 00:00:00.000', NULL, 'https://res.cloudinary.com/dzpv3mfjt/image/upload/v1762328450/cert-010.png', '1', '2025-02-12 15:30:00.000', 'Bằng cấp cao, được chấp nhận', '550e8400-e29b-41d4-a716-446655440080', '2025-02-11 10:15:00.000', '2025-02-12 15:30:00.000'),
                                                                                                                                                                                                                         ('cc0e8400-e29b-41d4-a716-446655440902', 'Chứng Chỉ Phong Thủy và Ngũ Hành', 'Chuyên sâu về Phong Thủy, Ngũ Hành trong việc phân tích tướng mạo và không gian sống.', 'Viện Phong Thủy Á Đông', '2019-11-08 00:00:00.000', NULL, 'https://res.cloudinary.com/dzpv3mfjt/image/upload/v1762328450/cert-010.png', '1', '2025-02-14 11:45:00.000', 'Chứng chỉ được công nhận', '550e8400-e29b-41d4-a716-446655440080', '2025-02-13 09:20:00.000', '2025-02-14 11:45:00.000');

-- 10.5. CERTIFICATE CATEGORIES
INSERT INTO certificate_category (id, certificate_id, category_id, created_at, updated_at) VALUES
                                                                                               (gen_random_uuid(), 'cc0e8400-e29b-41d4-a716-446655440901', '2b2d3003-cad8-4805-8e04-2170d12e5bcf', '2025-02-11 10:15:00.000', '2025-02-11 10:15:00.000'),
                                                                                               (gen_random_uuid(), 'cc0e8400-e29b-41d4-a716-446655440902', '3c3d3003-cad8-4805-8e04-2170d12e5bcf', '2025-02-13 09:20:00.000', '2025-02-13 09:20:00.000');

-- 10.6. SERVICE PACKAGES
INSERT INTO service_package (package_id, package_title, package_content, image_url, duration_minutes, price, commission_rate, service_fee_amount, status, rejection_reason, like_count, dislike_count, comment_count, deleted_at, seer_id, created_at, updated_at) VALUES
                                                                                                                                                                                                                                                                       ('880e8400-e29b-41d4-a716-446655440901', 'Phân Tích Nhân Tướng Toàn Diện', 'Tư vấn nhân tướng học chuyên sâu:\n\n👤 Phân tích tướng mạo\n👤 Đọc vận mệnh từ khuôn mặt\n👤 Tư vấn cải thiện vận khí\n👤 Tặng báo cáo chi tiết\n\nThời gian: 70 phút', 'https://res.cloudinary.com/dzpv3mfjt/image/upload/v1762279197/04fc7c14-5e62-4c8e-ab6c-78a89dc47e29.png', 70, 599000.0, 0.10, 59900.0, '0', NULL, 215, 5, 89, NULL, '550e8400-e29b-41d4-a716-446655440080', '2025-02-20 11:40:00.000', '2025-10-29 14:55:00.000'),
                                                                                                                                                                                                                                                                       ('880e8400-e29b-41d4-a716-446655440902', 'Phong Thủy Nhà Cửa Theo Ngũ Hành', 'Tư vấn phong thủy không gian sống:\n\n🏠 Phân tích mệnh chủ nhà\n🏠 Bố trí nội thất theo Ngũ Hành\n🏠 Chọn màu sắc, hướng nhà\n🏠 Gợi ý cải thiện vận khí\n\nThời gian: 60 phút', 'https://res.cloudinary.com/dzpv3mfjt/image/upload/v1762279238/84a8e79f-25d8-4b61-ae5f-d31f7fbc4af3.png', 60, 499000.0, 0.10, 49900.0, '0', NULL, 178, 3, 67, NULL, '550e8400-e29b-41d4-a716-446655440080', '2025-03-05 14:15:00.000', '2025-10-18 16:30:00.000'),
                                                                                                                                                                                                                                                                       ('880e8400-e29b-41d4-a716-446655440903', 'Combo Master: Tarot + Chiêm Tinh + Nhân Tướng', 'Gói combo đa chiều:\n\n🌟 Tarot dự đoán tương lai\n🌟 Phân tích bản đồ sao\n🌟 Đọc nhân tướng học\n🌟 Báo cáo 40 trang\n🌟 Tư vấn theo dõi 2 tháng\n\nThời gian: 150 phút', 'https://res.cloudinary.com/dzpv3mfjt/image/upload/v1762279197/04fc7c14-5e62-4c8e-ab6c-78a89dc47e29.png', 150, 1499000.0, 0.10, 149900.0, '0', NULL, 523, 12, 245, NULL, '550e8400-e29b-41d4-a716-446655440080', '2025-02-25 10:00:00.000', '2025-11-05 11:45:00.000');

-- 10.7. PACKAGE CATEGORIES
INSERT INTO package_category (package_category_id, package_id, category_id, created_at, updated_at) VALUES
    (gen_random_uuid(), '880e8400-e29b-41d4-a716-446655440902', '5e5d3003-cad8-4805-8e04-2170d12e5bcf', '2025-02-08 14:40:00.000', '2025-02-08 14:40:00.000');


-- =============================================
-- SEER 11: Thầy Phan Thành Tùng (user_id: ...0031)
-- =============================================

-- 11.1. USER
INSERT INTO "user" (user_id, role, email, phone, gender, password_hash, full_name, avatar_url, cover_url, profile_description, birth_date, status, fcm_token, is_active, created_at, updated_at) VALUES
    ('550e8400-e29b-41d4-a716-446655440081', '1', 'thaythanhtung@gmail.com', '+84989012345', 'Nam', '$2a$10$su2P6OQUjL6n5uW/QHpUtuNSnW64AEd48Iw5eTqAieJbSsDP3oFKu', 'Thầy Phan Thành Tùng', 'https://res.cloudinary.com/dzpv3mfjt/image/upload/v1762322268/avatar-011.png', 'https://res.cloudinary.com/dzpv3mfjt/image/upload/v1762282708/cover-011.png', 'Master Tarot với 18 năm kinh nghiệm quốc tế. Chuyên về Tarot tình yêu và sự nghiệp. Từng là cố vấn tâm linh cho nhiều doanh nghiệp lớn.', '1978-12-10 08:15:00.000', '0', NULL, true, '2025-01-15 09:30:00.000', '2025-11-04 15:45:00.000');

-- 11.2. SEER PROFILE
INSERT INTO seer_profile (seer_id, created_at, updated_at, payment_info, paypal_email, total_rates, avg_rating, performance_tier) VALUES ('550e8400-e29b-41d4-a716-446655440081', '2025-01-15 09:30:00.000', '2025-11-04 15:45:00.000', NULL, 'isu@seer.example.com', 163, 4.92, 3);

-- 11.6. SERVICE PACKAGES
INSERT INTO service_package (package_id, package_title, package_content, image_url, duration_minutes, price, commission_rate, service_fee_amount, status, rejection_reason, like_count, dislike_count, comment_count, deleted_at, seer_id, created_at, updated_at) VALUES
                                                                                                                                                                                                                                                                       ('880e8400-e29b-41d4-a716-446655441001', 'Tarot Tình Yêu Chuyên Sâu', 'Dịch vụ Tarot cao cấp về tình yêu:\n\n❤️ Phân tích mối quan hệ hiện tại\n❤️ Dự đoán tương lai tình cảm\n❤️ Tư vấn khắc phục khó khăn\n❤️ Hỗ trợ tâm lý\n\nThời gian: 60 phút', 'https://res.cloudinary.com/dzpv3mfjt/image/upload/v1762279025/5ae4fab0-5b8f-4ca9-bc38-474107f8b2bd.png', 60, 549000.0, 0.10, 54900.0, '0', NULL, 412, 8, 178, NULL, '550e8400-e29b-41d4-a716-446655440081', '2025-01-28 11:20:00.000', '2025-11-04 14:30:00.000'),
                                                                                                                                                                                                                                                                       ('880e8400-e29b-41d4-a716-446655441002', 'Tarot Sự Nghiệp VIP', 'Dịch vụ Tarot VIP cho sự nghiệp:\n\n💼 Phân tích cơ hội thăng tiến\n💼 Tư vấn quyết định quan trọng\n💼 Dự đoán xu hướng kinh doanh\n💼 Coaching 1-1\n\nThời gian: 90 phút', 'https://res.cloudinary.com/dzpv3mfjt/image/upload/v1762279025/5ae4fab0-5b8f-4ca9-bc38-474107f8b2bd.png', 90, 799000.0, 0.10, 79900.0, '0', NULL, 356, 5, 142, NULL, '550e8400-e29b-41d4-a716-446655440081', '2025-02-08 14:40:00.000', '2025-10-30 16:20:00.000'),
                                                                                                                                                                                                                                                                       ('880e8400-e29b-41d4-a716-446655441003', 'Combo Master: Tarot + Chiêm Tinh + Nhân Tướng', 'Gói combo đa chiều:\n\n🌟 Tarot dự đoán tương lai\n🌟 Phân tích bản đồ sao\n🌟 Đọc nhân tướng học\n🌟 Báo cáo 40 trang\n🌟 Tư vấn theo dõi 2 tháng\n\nThời gian: 150 phút', 'https://res.cloudinary.com/dzpv3mfjt/image/upload/v1762279025/5ae4fab0-5b8f-4ca9-bc38-474107f8b2bd.png', 150, 1499000.0, 0.10, 149900.0, '0', NULL, 523, 12, 245, NULL, '550e8400-e29b-41d4-a716-446655440081', '2025-02-25 10:00:00.000', '2025-11-05 11:45:00.000');

-- 11.7. PACKAGE CATEGORIES
INSERT INTO package_category (package_category_id, package_id, category_id, created_at, updated_at) VALUES
                                                                                                        (gen_random_uuid(), '880e8400-e29b-41d4-a716-446655441001', '5e5d3003-cad8-4805-8e04-2170d12e5bcf', '2025-01-28 11:20:00.000', '2025-01-28 11:20:00.000'),
                                                                                                        (gen_random_uuid(), '880e8400-e29b-41d4-a716-446655441002', '5e5d3003-cad8-4805-8e04-2170d12e5bcf', '2025-02-08 14:40:00.000', '2025-02-08 14:40:00.000'),
                                                                                                        (gen_random_uuid(), '880e8400-e29b-41d4-a716-446655441003', '5e5d3003-cad8-4805-8e04-2170d12e5bcf', '2025-02-25 10:00:00.000', '2025-02-25 10:00:00.000');



-- =============================================
-- END OF MIGRATION
-- =============================================
